epoch,train_loss,eval_loss,eval_top1,eval_top5
0,2.805922292893933,1.7919848958333333,22.54,91.86666666666666
