epoch,train_loss,eval_loss,eval_top1,eval_top5
0,2.772575186144921,1.8192958333333333,22.54,97.440000004069
