epoch,train_loss,eval_loss,eval_top1,eval_top5
0,2.554146143697923,1.556010530638333,29.21046844526047,94.70420058824897
