epoch,train_loss,eval_loss,eval_top1,eval_top5
0,5.070818632606446,3.2597777697892054,23.703519464651013,50.752393985592214
epoch,train_loss,eval_loss,eval_top1,eval_top5
1,2.976781720251549,1.3728614240688348,62.90262405410689,87.77515234897984
epoch,train_loss,eval_loss,eval_top1,eval_top5
2,1.8040303904709853,0.9260677455773536,73.90871782211534,93.28441736102475
epoch,train_loss,eval_loss,eval_top1,eval_top5
3,1.3599802091365725,0.807424810243741,77.17945529163039,94.78920532272106
