epoch,train_loss,eval_loss,eval_top1,eval_top5
0,2.117745303338574,1.7040723958333333,23.180000002034504,93.24000000406902
