epoch,train_loss,eval_loss,eval_top1,eval_top5
0,2.819981571166746,1.8637078125,9.046666667175293,80.32000000813802
